emotion,_neutral,browDownLeft,browDownRight,browInnerUp,browOuterUpLeft,browOuterUpRight,cheekPuff,cheekSquintLeft,cheekSquintRight,eyeBlinkLeft,eyeBlinkRight,eyeLookDownLeft,eyeLookDownRight,eyeLookInLeft,eyeLookInRight,eyeLookOutLeft,eyeLookOutRight,eyeLookUpLeft,eyeLookUpRight,eyeSquintLeft,eyeSquintRight,eyeWideLeft,eyeWideRight,jawForward,jawLeft,jawOpen,jawRight,mouthClose,mouthDimpleLeft,mouthDimpleRight,mouthFrownLeft,mouthFrownRight,mouthFunnel,mouthLeft,mouthLowerDownLeft,mouthLowerDownRight,mouthPressLeft,mouthPressRight,mouthPucker,mouthRight,mouthRollLower,mouthRollUpper,mouthShrugLower,mouthShrugUpper,mouthSmileLeft,mouthSmileRight,mouthStretchLeft,mouthStretchRight,mouthUpperUpLeft,mouthUpperUpRight,noseSneerLeft,noseSneerRight
sa,0.0,0.5272,0.5742,0.001,0.0023,0.0012,0.0,0.0,0.0,0.0505,0.0133,0.0353,0.0246,0.0015,0.6102,0.6073,0.0035,0.2115,0.2476,0.2574,0.227,0.0122,0.0324,0.0,0.0006,0.0192,0.0011,0.0029,0.0013,0.0006,0.0007,0.001,0.0038,0.0055,0.0003,0.0003,0.0031,0.0021,0.9139,0.0018,0.1675,0.0616,0.0854,0.0372,0.0,0.0,0.0001,0.0003,0.0,0.0,0.0,0.0
sa,0.0,0.1016,0.0624,0.0009,0.0463,0.0513,0.0,0.0,0.0,0.1615,0.1763,0.1046,0.1189,0.0159,0.1342,0.1643,0.038,0.0896,0.0655,0.4009,0.2578,0.0047,0.0018,0.0,0.0003,0.0006,0.0,0.0001,0.0012,0.0022,0.0268,0.0258,0.0003,0.0011,0.0001,0.0001,0.0255,0.0312,0.0145,0.0007,0.0048,0.0003,0.2615,0.1275,0.0013,0.0011,0.0094,0.0064,0.001,0.0022,0.0,0.0
an,0.0,0.0574,0.0699,0.0051,0.0514,0.0323,0.002,0.0,0.0,0.0072,0.0049,0.0568,0.0593,0.0297,0.1074,0.1321,0.057,0.275,0.2821,0.2308,0.0743,0.1151,0.1679,0.0032,0.0024,0.6568,0.0166,0.0002,0.0888,0.1514,0.0062,0.0112,0.0979,0.0001,0.8971,0.8786,0.0043,0.0109,0.0291,0.0009,0.0009,0.0023,0.0009,0.053,0.2087,0.4393,0.0053,0.0879,0.1472,0.2511,0.0,0.0
an,0.0,0.1514,0.2403,0.0001,0.0183,0.0076,0.0,0.0,0.0,0.0847,0.0819,0.1069,0.0985,0.0122,0.3227,0.318,0.0068,0.0992,0.0999,0.3878,0.3884,0.0137,0.0098,0.0,0.0011,0.001,0.0001,0.0001,0.0319,0.1381,0.0,0.0,0.003,0.0044,0.0,0.0,0.0034,0.0092,0.7497,0.0134,0.0047,0.0055,0.56,0.2518,0.0,0.0,0.0,0.0,0.0011,0.0017,0.0,0.0
di,0.0,0.1602,0.1711,0.0025,0.0174,0.039,0.0003,0.0,0.0,0.1677,0.1077,0.0337,0.026,0.0084,0.1651,0.2203,0.0305,0.2682,0.2759,0.6202,0.4715,0.0041,0.0048,0.0008,0.0011,0.0531,0.0005,0.0003,0.0446,0.0001,0.0233,0.0384,0.0104,0.0172,0.0622,0.2431,0.0177,0.0009,0.0409,0.0,0.0069,0.0012,0.008,0.2505,0.0032,0.0007,0.0121,0.0074,0.3707,0.1401,0.0,0.0
di,0.0,0.1311,0.127,0.0002,0.0188,0.0158,0.0,0.0,0.0,0.2037,0.2029,0.0991,0.1056,0.3622,0.0089,0.0084,0.3584,0.1194,0.1051,0.6618,0.5111,0.0042,0.0026,0.0001,0.0006,0.0011,0.0,0.0001,0.0035,0.0015,0.0003,0.0003,0.0244,0.0043,0.001,0.0009,0.0024,0.0019,0.7082,0.0006,0.0015,0.0007,0.0118,0.0702,0.0001,0.0,0.0005,0.0006,0.0028,0.0025,0.0,0.0
an,0.0,0.0704,0.0611,0.0001,0.0908,0.0403,0.0011,0.0,0.0,0.0446,0.0188,0.0723,0.072,0.0808,0.0343,0.0512,0.1102,0.149,0.1242,0.3112,0.1368,0.0223,0.0237,0.0013,0.0021,0.3638,0.0018,0.0034,0.0443,0.0263,0.0001,0.0001,0.0211,0.0027,0.1758,0.2035,0.0243,0.0428,0.0041,0.0001,0.0018,0.0235,0.0008,0.0244,0.1679,0.2055,0.0027,0.0045,0.3036,0.3479,0.0,0.0
an,0.0,0.2004,0.1534,0.0089,0.0067,0.007,0.0002,0.0,0.0,0.0201,0.0118,0.2734,0.2545,0.0373,0.0763,0.079,0.0435,0.0316,0.0267,0.1963,0.0906,0.0349,0.0327,0.0005,0.001,0.0274,0.0001,0.0012,0.0063,0.0028,0.0063,0.0094,0.0047,0.0004,0.0229,0.0282,0.0808,0.0697,0.001,0.0008,0.0103,0.0087,0.0106,0.1492,0.0273,0.0258,0.0078,0.0248,0.4214,0.4204,0.0,0.0
an,0.0,0.4173,0.5271,0.0,0.0062,0.0032,0.0,0.0,0.0,0.1146,0.0768,0.1316,0.1258,0.0195,0.1185,0.1567,0.046,0.0776,0.0776,0.6724,0.6705,0.0066,0.0061,0.0,0.0017,0.0359,0.0002,0.0027,0.011,0.054,0.0,0.0001,0.0003,0.0032,0.0001,0.0,0.0224,0.0505,0.0348,0.0022,0.5101,0.3296,0.7855,0.1509,0.0,0.0,0.0001,0.0002,0.0002,0.0003,0.0,0.0
an,0.0,0.2443,0.2548,0.0001,0.0061,0.0075,0.0004,0.0,0.0,0.1383,0.1699,0.0131,0.0158,0.0173,0.1326,0.1548,0.0412,0.5255,0.5029,0.6739,0.4045,0.0058,0.0036,0.0012,0.0206,0.2599,0.0001,0.0016,0.0008,0.0028,0.0427,0.0448,0.0429,0.007,0.2234,0.1133,0.0023,0.0232,0.0191,0.0,0.0019,0.003,0.0015,0.1412,0.006,0.0093,0.0213,0.0499,0.1296,0.2118,0.0,0.0
su,0.0,0.002,0.0002,0.5032,0.8209,0.8989,0.0012,0.0,0.0,0.0065,0.0051,0.216,0.2638,0.0156,0.1966,0.2167,0.0182,0.0548,0.0434,0.0646,0.0193,0.1567,0.1577,0.0008,0.0001,0.3066,0.141,0.0001,0.0606,0.0288,0.0268,0.0483,0.3113,0.0,0.7231,0.745,0.0117,0.0143,0.0668,0.0318,0.0147,0.0013,0.0213,0.4549,0.3595,0.5311,0.0054,0.0829,0.8303,0.9277,0.0,0.0
an,0.0,0.1044,0.4522,0.0016,0.039,0.0026,0.0,0.0,0.0,0.0735,0.1082,0.0106,0.0091,0.0241,0.0865,0.1314,0.0538,0.5228,0.4926,0.6227,0.668,0.0081,0.0064,0.0,0.0039,0.0722,0.001,0.0287,0.0112,0.0154,0.0,0.0,0.0265,0.0095,0.0012,0.0008,0.0016,0.006,0.9908,0.0055,0.1639,0.4386,0.0057,0.0017,0.0,0.0,0.0,0.0,0.0,0.0,0.0,0.0
an,0.0,0.0135,0.0175,0.0013,0.1709,0.0732,0.0012,0.0,0.0,0.1731,0.1374,0.0952,0.0857,0.044,0.0998,0.0874,0.0472,0.1598,0.142,0.6864,0.6446,0.0047,0.0033,0.0033,0.0101,0.1085,0.0001,0.0012,0.009,0.0027,0.0652,0.0809,0.0043,0.0025,0.3505,0.4833,0.0271,0.0285,0.0046,0.0,0.0158,0.006,0.0115,0.0533,0.0373,0.0248,0.1338,0.3578,0.8116,0.7371,0.0,0.0
an,0.0,0.2511,0.3072,0.0,0.0169,0.0185,0.0008,0.0,0.0,0.0963,0.0795,0.0382,0.0374,0.0474,0.0498,0.0843,0.0879,0.2478,0.2139,0.7931,0.6519,0.0068,0.005,0.0009,0.0041,0.4008,0.0011,0.0033,0.1166,0.0065,0.0,0.0,0.0335,0.0294,0.0614,0.1404,0.0204,0.0142,0.0157,0.0,0.0008,0.0087,0.0004,0.0227,0.1883,0.1195,0.0022,0.0039,0.202,0.1295,0.0,0.0
an,0.0,0.2138,0.2114,0.0006,0.0308,0.0267,0.0,0.0,0.0,0.0523,0.0343,0.0205,0.0137,0.0033,0.502,0.4935,0.0138,0.4022,0.4047,0.22,0.3213,0.012,0.019,0.0001,0.0,0.0015,0.015,0.0001,0.0051,0.007,0.0043,0.0093,0.0034,0.0006,0.0007,0.0009,0.0247,0.0233,0.1356,0.002,0.0338,0.0049,0.123,0.0813,0.0001,0.0001,0.0003,0.0334,0.0003,0.0002,0.0,0.0
an,0.0,0.7242,0.7197,0.0001,0.003,0.0016,0.0036,0.0,0.0,0.1904,0.2122,0.0835,0.0883,0.0272,0.1013,0.1554,0.0751,0.1641,0.1874,0.703,0.634,0.0047,0.0042,0.003,0.0584,0.7193,0.0016,0.0004,0.1708,0.2565,0.0005,0.0006,0.0877,0.0014,0.8258,0.8401,0.0125,0.0321,0.0109,0.0002,0.0006,0.0132,0.0007,0.0241,0.7752,0.822,0.0061,0.0076,0.3983,0.4899,0.0,0.0
an,0.0,0.3575,0.4087,0.0001,0.0063,0.0059,0.0,0.0,0.0,0.0629,0.0347,0.0156,0.0173,0.0146,0.1417,0.1624,0.0296,0.3789,0.3588,0.7461,0.4922,0.0089,0.0081,0.0,0.0012,0.0136,0.0001,0.005,0.0085,0.0019,0.0002,0.0003,0.002,0.009,0.0003,0.0004,0.0227,0.0135,0.1379,0.0002,0.0372,0.0157,0.0384,0.0123,0.0001,0.0,0.0004,0.0005,0.0,0.0001,0.0,0.0
an,0.0,0.007,0.0201,0.016,0.5232,0.1117,0.0017,0.0,0.0,0.0284,0.0274,0.1314,0.1107,0.0341,0.0918,0.1098,0.0556,0.1206,0.1373,0.2825,0.4706,0.0315,0.0447,0.0021,0.0007,0.5486,0.0333,0.0001,0.0372,0.0999,0.0049,0.006,0.1068,0.0001,0.8551,0.8742,0.0024,0.0049,0.0563,0.0014,0.0006,0.0012,0.0009,0.0608,0.402,0.5832,0.0055,0.018,0.4607,0.531,0.0,0.0
an,0.0,0.2411,0.2335,0.0001,0.01,0.0101,0.0015,0.0,0.0,0.0985,0.1258,0.1379,0.162,0.0135,0.1418,0.1892,0.0412,0.1392,0.093,0.7287,0.5212,0.0137,0.007,0.0029,0.0014,0.1637,0.0014,0.0009,0.0035,0.0055,0.0025,0.0023,0.0231,0.0004,0.5888,0.7484,0.0098,0.0198,0.0146,0.0002,0.0038,0.0061,0.0021,0.0143,0.6514,0.6614,0.0217,0.0247,0.7162,0.762,0.0,0.0
an,0.0,0.5804,0.5367,0.0,0.0022,0.0029,0.001,0.0,0.0,0.205,0.2233,0.089,0.1119,0.0669,0.0502,0.0681,0.0982,0.1455,0.1109,0.7972,0.649,0.0035,0.0012,0.0022,0.0126,0.4105,0.0003,0.0051,0.0386,0.0201,0.0003,0.0004,0.0551,0.001,0.1484,0.2987,0.0078,0.0189,0.0304,0.0003,0.0017,0.0038,0.0023,0.0283,0.171,0.2172,0.0025,0.0442,0.6658,0.674,0.0,0.0
an,0.0,0.7856,0.8101,0.0,0.0005,0.0005,0.0001,0.0,0.0,0.2408,0.1292,0.0394,0.0286,0.0046,0.2186,0.3852,0.034,0.2647,0.2826,0.6712,0.6959,0.0019,0.002,0.0002,0.0015,0.0193,0.0,0.005,0.0071,0.002,0.0442,0.0426,0.0001,0.0027,0.0006,0.0011,0.1293,0.0554,0.0013,0.0,0.0684,0.0341,0.0342,0.0042,0.0018,0.0009,0.0162,0.0087,0.0,0.0001,0.0,0.0
an,0.0,0.1936,0.2237,0.0001,0.0351,0.0154,0.0,0.0,0.0,0.0466,0.037,0.0205,0.0174,0.029,0.081,0.0929,0.0482,0.3202,0.2974,0.4057,0.2565,0.0127,0.0075,0.0,0.0002,0.001,0.0,0.0002,0.0008,0.0036,0.0604,0.0651,0.0005,0.0003,0.0002,0.0002,0.0251,0.0645,0.0173,0.0023,0.0087,0.0007,0.1895,0.1133,0.001,0.0013,0.0094,0.0154,0.0004,0.0011,0.0,0.0
an,0.0,0.7441,0.7243,0.0004,0.0003,0.0004,0.0,0.0,0.0,0.1107,0.0962,0.0066,0.0068,0.0363,0.073,0.093,0.0578,0.5987,0.5721,0.6308,0.4395,0.0031,0.0045,0.0001,0.0004,0.0218,0.0002,0.0174,0.0205,0.0223,0.0002,0.0003,0.002,0.0009,0.0003,0.0003,0.0263,0.0573,0.1001,0.0045,0.0725,0.0152,0.0539,0.0139,0.0003,0.0004,0.0002,0.002,0.0,0.0,0.0,0.0
an,0.0,0.036,0.0713,0.0002,0.1193,0.0313,0.0,0.0,0.0,0.0882,0.0922,0.0068,0.0057,0.0218,0.1282,0.1259,0.0367,0.6632,0.6333,0.5358,0.3691,0.0082,0.0058,0.0001,0.0002,0.0016,0.0,0.0006,0.0105,0.0006,0.0441,0.0857,0.0012,0.0005,0.0002,0.0003,0.0483,0.0131,0.0377,0.0017,0.0097,0.0007,0.1021,0.0856,0.003,0.0019,0.0129,0.0574,0.0008,0.0008,0.0,0.0
ne,0.0,0.0026,0.0026,0.2379,0.3593,0.24,0.0,0.0,0.0,0.0388,0.0213,0.1746,0.1667,0.0274,0.1382,0.1337,0.0228,0.045,0.0517,0.105,0.0826,0.0173,0.0347,0.0,0.0046,0.0098,0.0001,0.0011,0.001,0.0034,0.0002,0.0003,0.0009,0.0009,0.0002,0.0002,0.0068,0.0119,0.5377,0.0125,0.1175,0.0465,0.1461,0.0229,0.0,0.0,0.0001,0.0002,0.0,0.0,0.0,0.0
sa,0.0,0.6059,0.5455,0.0065,0.002,0.0031,0.0,0.0,0.0,0.2813,0.2171,0.3058,0.3407,0.0389,0.0184,0.1755,0.2781,0.0258,0.0236,0.3953,0.3476,0.0036,0.002,0.0001,0.0008,0.0015,0.0,0.0004,0.0002,0.0004,0.3995,0.4444,0.0055,0.0019,0.0002,0.0001,0.0009,0.0018,0.6574,0.0003,0.0034,0.0001,0.0613,0.0656,0.0001,0.0001,0.02,0.0559,0.0051,0.0093,0.0,0.0
sa,0.0,0.0016,0.0009,0.3893,0.3674,0.2552,0.0,0.0,0.0,0.4672,0.4971,0.7012,0.6895,0.104,0.0984,0.0383,0.036,0.006,0.0034,0.2875,0.2605,0.0014,0.0006,0.0,0.0008,0.0018,0.0001,0.0002,0.0012,0.0057,0.0014,0.0016,0.0016,0.0005,0.0002,0.0002,0.0068,0.0252,0.3236,0.0121,0.0279,0.0042,0.2603,0.0707,0.0,0.0,0.0002,0.0008,0.0001,0.0002,0.0,0.0
sa,0.0,0.0295,0.0433,0.002,0.0919,0.0517,0.0,0.0,0.0,0.3184,0.2971,0.4203,0.3961,0.0871,0.0483,0.0471,0.094,0.0311,0.0202,0.4659,0.4184,0.0023,0.0014,0.0002,0.0004,0.0012,0.0,0.0006,0.0012,0.0004,0.1883,0.2421,0.0039,0.0016,0.0001,0.0001,0.0088,0.0035,0.1027,0.0002,0.0017,0.0004,0.0352,0.1138,0.0084,0.0055,0.1847,0.273,0.0044,0.0065,0.0,0.0
sa,0.0,0.0782,0.0474,0.6026,0.0013,0.0016,0.0,0.0,0.0,0.1869,0.0957,0.0986,0.1004,0.0076,0.2795,0.2675,0.0192,0.1059,0.1178,0.1744,0.2247,0.0064,0.0063,0.0006,0.0004,0.0011,0.0,0.0001,0.0054,0.0009,0.0005,0.0006,0.0211,0.0022,0.0029,0.004,0.0126,0.0039,0.1231,0.0007,0.0003,0.0004,0.0015,0.0675,0.0083,0.0057,0.005,0.0057,0.0094,0.0076,0.0,0.0
sa,0.0,0.0572,0.0245,0.0922,0.0426,0.0691,0.0,0.0,0.0,0.1675,0.1007,0.0616,0.0637,0.0363,0.0969,0.1013,0.0511,0.1354,0.1672,0.3898,0.4474,0.0037,0.0065,0.0,0.0149,0.0765,0.0,0.027,0.0009,0.0009,0.0024,0.0032,0.0001,0.0068,0.0003,0.0001,0.0365,0.0413,0.0226,0.0001,0.5333,0.533,0.1081,0.0017,0.0,0.0,0.0008,0.0006,0.0,0.0,0.0,0.0
sa,0.0,0.0016,0.0009,0.6388,0.4895,0.4688,0.0,0.0,0.0,0.0798,0.0543,0.6364,0.6224,0.385,0.0046,0.0096,0.3995,0.0071,0.0047,0.0506,0.0359,0.0193,0.0269,0.0,0.0005,0.0015,0.0001,0.0001,0.0716,0.0073,0.0002,0.0006,0.0002,0.0006,0.0,0.0,0.1144,0.0791,0.021,0.0188,0.023,0.0124,0.9308,0.5698,0.0013,0.0008,0.0001,0.0017,0.0118,0.0059,0.0,0.0
an,0.0,0.0086,0.0043,0.0103,0.2494,0.2788,0.0009,0.0,0.0,0.0741,0.0769,0.2841,0.2885,0.0499,0.0467,0.0676,0.0799,0.0372,0.0229,0.5597,0.3125,0.0139,0.0078,0.0014,0.0012,0.0236,0.0001,0.0011,0.0049,0.0182,0.0145,0.0139,0.0009,0.0004,0.1802,0.204,0.1272,0.3925,0.0004,0.0004,0.0556,0.0238,0.0428,0.0555,0.0842,0.1494,0.0248,0.1047,0.5901,0.795,0.0,0.0
an,0.0,0.0571,0.0529,0.001,0.1341,0.0794,0.0003,0.0,0.0,0.0852,0.0552,0.0187,0.0166,0.1803,0.0154,0.0278,0.1771,0.369,0.376,0.4751,0.2641,0.0118,0.0045,0.0007,0.809,0.2469,0.0,0.003,0.0006,0.0467,0.2086,0.2036,0.0026,0.0016,0.164,0.1283,0.0021,0.0774,0.006,0.0,0.0091,0.0072,0.0483,0.075,0.0005,0.0017,0.0006,0.0317,0.1731,0.3635,0.0,0.0
an,0.0,0.2334,0.251,0.0001,0.0121,0.0082,0.0015,0.0,0.0,0.4167,0.3362,0.129,0.1331,0.0178,0.1991,0.1872,0.0248,0.1239,0.1274,0.8027,0.6439,0.0018,0.0013,0.0028,0.0028,0.5718,0.03,0.0003,0.1045,0.2052,0.0006,0.0006,0.0244,0.0004,0.9225,0.9274,0.0175,0.0175,0.0116,0.0006,0.0013,0.0079,0.0008,0.0335,0.0102,0.0099,0.002,0.0015,0.0572,0.0727,0.0,0.0
an,0.0,0.0006,0.0004,0.1267,0.7083,0.5371,0.0015,0.0,0.0,0.0709,0.0445,0.2826,0.2928,0.0362,0.312,0.2251,0.0058,0.0498,0.0418,0.3491,0.2659,0.0174,0.0424,0.0027,0.0002,0.4003,0.0729,0.0002,0.0463,0.0555,0.0018,0.002,0.0464,0.0002,0.9334,0.9475,0.0191,0.0311,0.0316,0.0016,0.0021,0.0029,0.0015,0.0404,0.2587,0.3278,0.0152,0.0225,0.4396,0.5026,0.0,0.0
an,0.0,0.048,0.0275,0.0132,0.096,0.0631,0.0014,0.0,0.0,0.0547,0.0537,0.1925,0.1727,0.1417,0.0332,0.0362,0.1559,0.0858,0.0861,0.2488,0.271,0.0211,0.0235,0.0024,0.0074,0.6556,0.0083,0.0004,0.336,0.5446,0.0004,0.0005,0.1515,0.0003,0.6941,0.7689,0.0098,0.0205,0.0308,0.0008,0.0014,0.0048,0.0012,0.0452,0.1844,0.313,0.0007,0.0031,0.1137,0.1525,0.0,0.0
an,0.0,0.8022,0.7897,0.0001,0.0008,0.0008,0.0049,0.0,0.0,0.5183,0.5816,0.1963,0.2342,0.0244,0.1819,0.1897,0.0401,0.1025,0.1011,0.8253,0.7738,0.0012,0.0005,0.0049,0.0082,0.522,0.0043,0.0003,0.0353,0.0621,0.0475,0.0625,0.0231,0.0,0.9122,0.9271,0.0056,0.0073,0.0069,0.0009,0.0023,0.0047,0.0015,0.0214,0.6683,0.739,0.0282,0.0819,0.4413,0.5283,0.0,0.0
an,0.0,0.7892,0.7443,0.0,0.0003,0.0011,0.0025,0.0,0.0,0.1287,0.1371,0.059,0.0711,0.011,0.2047,0.2233,0.0303,0.2425,0.199,0.8076,0.6131,0.0056,0.0032,0.0042,0.015,0.133,0.0002,0.001,0.0092,0.0152,0.0103,0.0082,0.0027,0.0006,0.548,0.6502,0.0152,0.0315,0.0017,0.0001,0.0112,0.0279,0.0063,0.0383,0.2639,0.2344,0.0499,0.0276,0.6266,0.6936,0.0,0.0
an,0.0,0.0031,0.0032,0.0328,0.618,0.4914,0.0,0.0,0.0,0.4078,0.2216,0.5089,0.4987,0.038,0.0711,0.1215,0.0757,0.0161,0.0136,0.2922,0.2958,0.0026,0.0033,0.0,0.0001,0.0,0.0,0.0,0.0036,0.009,0.0031,0.0024,0.0003,0.002,0.0001,0.0,0.0136,0.0213,0.0347,0.001,0.0002,0.0,0.611,0.3567,0.0394,0.0359,0.0144,0.003,0.2986,0.3686,0.0,0.0
ne,0.0,0.0008,0.0013,0.4118,0.6475,0.3547,0.0,0.0,0.0,0.0979,0.0539,0.067,0.0607,0.0659,0.0559,0.0602,0.0659,0.1093,0.1213,0.2365,0.1674,0.0058,0.0066,0.0001,0.0004,0.01,0.0001,0.0049,0.0023,0.0075,0.0,0.0,0.0071,0.0004,0.0009,0.0008,0.0295,0.0339,0.0406,0.0084,0.0013,0.0013,0.0011,0.0134,0.0165,0.0295,0.0031,0.0049,0.0003,0.0006,0.0,0.0
ne,0.0,0.0055,0.0107,0.0546,0.1606,0.0764,0.0,0.0,0.0,0.1115,0.0918,0.138,0.1389,0.0229,0.1118,0.1212,0.0363,0.0756,0.0669,0.3633,0.2223,0.0104,0.0059,0.0,0.0002,0.0008,0.0,0.0001,0.0124,0.0076,0.0011,0.0024,0.0002,0.0007,0.0002,0.0002,0.071,0.1241,0.0037,0.0016,0.0094,0.0012,0.1675,0.0508,0.0015,0.0019,0.0005,0.0092,0.001,0.0014,0.0,0.0
ne,0.0,0.0059,0.0058,0.0674,0.3788,0.2523,0.0,0.0,0.0,0.1599,0.1046,0.0976,0.1141,0.0269,0.1092,0.133,0.0389,0.0708,0.0779,0.2887,0.2158,0.0043,0.0048,0.0,0.0053,0.0681,0.0002,0.045,0.0212,0.0014,0.0,0.0,0.0031,0.0129,0.0003,0.0003,0.0239,0.0095,0.4979,0.0009,0.0691,0.1457,0.0114,0.0017,0.0,0.0,0.0,0.0003,0.0,0.0,0.0,0.0
sa,0.0,0.1209,0.1092,0.0802,0.0141,0.0125,0.0,0.0,0.0,0.0689,0.0442,0.1049,0.1173,0.0169,0.1195,0.1551,0.0476,0.0896,0.0851,0.3246,0.1793,0.01,0.0169,0.0,0.0002,0.0157,0.0004,0.0012,0.0003,0.0047,0.0112,0.0199,0.0006,0.0003,0.0002,0.0001,0.0006,0.0148,0.2748,0.0104,0.1645,0.013,0.8487,0.4419,0.0,0.0,0.0001,0.0062,0.0013,0.0056,0.0,0.0
sa,0.0,0.4325,0.4673,0.021,0.0016,0.0007,0.0,0.0,0.0,0.1315,0.0875,0.0476,0.0422,0.0097,0.1923,0.2134,0.0274,0.1714,0.1932,0.46,0.4568,0.0044,0.0042,0.0,0.0008,0.0147,0.0001,0.0017,0.0016,0.0007,0.0859,0.1246,0.0006,0.0015,0.0002,0.0002,0.0086,0.0111,0.0893,0.0006,0.1373,0.0177,0.4808,0.1121,0.0,0.0,0.0009,0.0054,0.0004,0.0006,0.0,0.0
an,0.0,0.2652,0.2986,0.0001,0.0144,0.0068,0.0,0.0,0.0,0.0667,0.0581,0.0187,0.0178,0.044,0.0633,0.0779,0.0578,0.3495,0.3368,0.5586,0.5126,0.0082,0.0052,0.0,0.0009,0.0131,0.0001,0.0036,0.0013,0.008,0.0001,0.0001,0.0016,0.0007,0.0005,0.0003,0.0118,0.0704,0.0856,0.0037,0.0299,0.0265,0.0333,0.0076,0.0,0.0,0.0001,0.0007,0.0,0.0001,0.0,0.0
an,0.0,0.56,0.6549,0.0,0.0021,0.0015,0.0025,0.0,0.0,0.1332,0.153,0.0328,0.0403,0.0181,0.207,0.2053,0.0355,0.3929,0.3877,0.7013,0.6224,0.0064,0.0047,0.002,0.0074,0.6459,0.009,0.0033,0.0645,0.0887,0.0005,0.0005,0.0253,0.0001,0.4281,0.5227,0.0136,0.0198,0.0061,0.0021,0.001,0.026,0.0008,0.0125,0.659,0.7007,0.002,0.0057,0.0199,0.0313,0.0,0.0
an,0.0,0.3526,0.4661,0.0002,0.0041,0.002,0.0001,0.0,0.0,0.12,0.0861,0.0512,0.0466,0.0085,0.2285,0.2259,0.0139,0.1536,0.1503,0.4921,0.4026,0.0049,0.0027,0.0003,0.0019,0.1334,0.0002,0.0052,0.0044,0.0115,0.0001,0.0,0.0181,0.0015,0.0197,0.0172,0.0282,0.046,0.0091,0.0007,0.0044,0.0117,0.0021,0.0502,0.0025,0.0026,0.0008,0.0005,0.0124,0.0229,0.0,0.0
ne,0.0,0.0259,0.0143,0.0242,0.1134,0.1126,0.0,0.0,0.0,0.1001,0.0482,0.1075,0.1086,0.0214,0.1691,0.1591,0.0199,0.0783,0.0729,0.3204,0.1614,0.0084,0.008,0.0001,0.0002,0.0002,0.0,0.0001,0.002,0.0024,0.0007,0.0009,0.0029,0.0015,0.0002,0.0002,0.0172,0.0236,0.0929,0.0013,0.0003,0.0001,0.0159,0.0956,0.0381,0.0518,0.0094,0.0241,0.0047,0.0081,0.0,0.0
sa,0.0,0.0025,0.0011,0.344,0.4348,0.6029,0.0,0.0,0.0,0.0702,0.0456,0.2534,0.2611,0.0481,0.0679,0.0782,0.0555,0.0254,0.0234,0.2693,0.1875,0.0125,0.0111,0.0,0.0082,0.0077,0.0,0.0028,0.0047,0.0004,0.0001,0.0001,0.0014,0.0051,0.0001,0.0001,0.0205,0.0029,0.6044,0.0017,0.0251,0.0115,0.0719,0.0162,0.0,0.0,0.0003,0.0002,0.0001,0.0,0.0,0.0
ha,0.0,0.0025,0.0052,0.3205,0.3851,0.2462,0.0,0.0,0.0,0.083,0.0298,0.552,0.5346,0.0489,0.1185,0.1022,0.0361,0.0079,0.0095,0.1326,0.1399,0.0127,0.0251,0.0001,0.0001,0.0008,0.0,0.0003,0.0177,0.0052,0.0001,0.0001,0.0014,0.0022,0.0002,0.0004,0.1474,0.0833,0.0263,0.0022,0.0031,0.0025,0.0366,0.0214,0.8624,0.844,0.0052,0.0379,0.0217,0.0225,0.0,0.0
ne,0.0,0.059,0.0487,0.0167,0.1058,0.0964,0.0,0.0,0.0,0.0703,0.0304,0.1197,0.1299,0.0152,0.1973,0.1968,0.0158,0.0557,0.0606,0.2784,0.1312,0.0121,0.0118,0.0,0.0028,0.008,0.0,0.0045,0.0016,0.0003,0.0005,0.0007,0.0038,0.0025,0.0001,0.0002,0.0146,0.0031,0.4612,0.0011,0.0093,0.0029,0.0146,0.0096,0.0001,0.0,0.001,0.0012,0.0,0.0,0.0,0.0
fe,0.0,0.0001,0.0001,0.7744,0.8768,0.8778,0.0,0.0,0.0,0.0037,0.0033,0.4317,0.4225,0.0282,0.2498,0.2274,0.0064,0.0175,0.0099,0.0167,0.014,0.2339,0.1485,0.0001,0.0078,0.0086,0.0,0.0029,0.0033,0.0002,0.0001,0.0002,0.0182,0.0067,0.0007,0.0016,0.0089,0.0009,0.6425,0.001,0.002,0.0022,0.0013,0.0045,0.0003,0.0001,0.0008,0.003,0.0007,0.0002,0.0,0.0
di,0.0,0.0782,0.0922,0.0043,0.1211,0.0635,0.0,0.0,0.0,0.1618,0.0611,0.4843,0.4454,0.0026,0.5347,0.5238,0.0065,0.0122,0.0111,0.2364,0.2537,0.0077,0.009,0.0,0.0001,0.0003,0.0,0.0001,0.0312,0.002,0.0001,0.0002,0.0035,0.0651,0.0,0.0,0.0075,0.0042,0.3456,0.0001,0.0006,0.0001,0.1123,0.1791,0.0091,0.01,0.0005,0.0154,0.0859,0.0538,0.0,0.0
su,0.0,0.0002,0.0002,0.5857,0.7019,0.5951,0.0,0.0,0.0,0.0034,0.0013,0.5136,0.5223,0.0815,0.1603,0.0636,0.0167,0.0097,0.0057,0.04,0.0112,0.164,0.2548,0.0001,0.015,0.5897,0.0027,0.0092,0.0217,0.005,0.0,0.0001,0.0802,0.0031,0.0024,0.0049,0.007,0.0028,0.5059,0.0021,0.0078,0.0105,0.0051,0.0106,0.0001,0.0,0.0001,0.0003,0.0004,0.0002,0.0,0.0
an,0.0,0.268,0.2468,0.0021,0.0208,0.0253,0.0,0.0,0.0,0.02,0.0061,0.1648,0.1771,0.0195,0.1,0.1632,0.0502,0.0363,0.0405,0.0925,0.0451,0.0291,0.0561,0.0,0.0076,0.0235,0.0,0.0036,0.0221,0.0157,0.0,0.0,0.0002,0.0108,0.0,0.0,0.0605,0.0202,0.0466,0.0019,0.2477,0.1437,0.9327,0.3144,0.0001,0.0,0.0005,0.0001,0.0007,0.0007,0.0,0.0
sa,0.0,0.0168,0.0058,0.2766,0.1051,0.1531,0.0,0.0,0.0,0.2378,0.1019,0.1251,0.1271,0.1117,0.0278,0.0415,0.1237,0.0715,0.078,0.311,0.3107,0.0024,0.0024,0.0001,0.009,0.0114,0.0,0.008,0.0036,0.0002,0.0125,0.0136,0.0009,0.0141,0.0002,0.0003,0.0373,0.0088,0.056,0.0,0.0178,0.0033,0.0516,0.0214,0.0006,0.0002,0.0053,0.0023,0.0001,0.0001,0.0,0.0
ha,0.0,0.007,0.0048,0.3311,0.1907,0.1946,0.0004,0.0,0.0,0.0752,0.0098,0.3912,0.3669,0.1237,0.0297,0.0378,0.1322,0.0161,0.0197,0.1877,0.1048,0.0126,0.0485,0.001,0.0015,0.0853,0.0001,0.0093,0.0123,0.002,0.0003,0.0004,0.0082,0.0033,0.0185,0.0365,0.0806,0.0347,0.0111,0.0003,0.0122,0.0416,0.0038,0.013,0.7133,0.561,0.0158,0.1137,0.3568,0.2027,0.0,0.0
ne,0.0,0.0163,0.0054,0.2114,0.1868,0.2087,0.0,0.0,0.0,0.1195,0.0473,0.1134,0.1364,0.0209,0.1233,0.143,0.0363,0.0627,0.0659,0.321,0.1566,0.0058,0.0093,0.0,0.0052,0.0242,0.0,0.0165,0.0012,0.0002,0.0013,0.0014,0.0027,0.0075,0.0002,0.0002,0.0064,0.0012,0.5462,0.0003,0.0119,0.0076,0.0164,0.0094,0.0,0.0,0.0015,0.0005,0.0001,0.0,0.0,0.0
fe,0.0,0.0,0.0,0.8911,0.8731,0.8335,0.0,0.0,0.0,0.0185,0.004,0.5927,0.5968,0.0604,0.081,0.06,0.0484,0.0068,0.0064,0.0627,0.0386,0.0318,0.0955,0.0001,0.008,0.0575,0.0,0.0044,0.0023,0.0003,0.0081,0.0107,0.0074,0.0107,0.0014,0.0026,0.0119,0.0037,0.0739,0.0001,0.0139,0.0073,0.047,0.1967,0.0003,0.0001,0.003,0.0025,0.0427,0.0269,0.0,0.0
di,0.0,0.1267,0.0835,0.003,0.0238,0.0459,0.0,0.0,0.0,0.1077,0.0304,0.026,0.025,0.3322,0.0056,0.0137,0.2908,0.2825,0.2898,0.3856,0.2196,0.0063,0.0062,0.0,0.0093,0.0052,0.0,0.0031,0.048,0.0003,0.0012,0.0023,0.0023,0.0158,0.0002,0.0003,0.0612,0.0115,0.0958,0.0001,0.0226,0.0027,0.0645,0.0348,0.0006,0.0002,0.0015,0.0017,0.0001,0.0001,0.0,0.0
su,0.0,0.0007,0.0003,0.4314,0.5749,0.5582,0.0,0.0,0.0,0.035,0.0059,0.5013,0.5032,0.0622,0.0566,0.0578,0.0623,0.0094,0.0085,0.1112,0.0363,0.0249,0.0574,0.0001,0.0131,0.0736,0.0,0.0051,0.002,0.0003,0.001,0.002,0.0131,0.0137,0.0021,0.0033,0.0053,0.0035,0.2013,0.0001,0.0126,0.0085,0.0065,0.0282,0.0001,0.0,0.0006,0.0021,0.0027,0.0014,0.0,0.0
an,0.0,0.0356,0.0166,0.0476,0.0857,0.1212,0.0,0.0,0.0,0.0949,0.0388,0.0607,0.0625,0.0884,0.0337,0.0448,0.0917,0.131,0.1448,0.3561,0.2557,0.0051,0.0064,0.0,0.0114,0.0138,0.0,0.0097,0.0154,0.0004,0.0021,0.003,0.0006,0.0085,0.0001,0.0002,0.0816,0.0144,0.0382,0.0001,0.0564,0.0076,0.1052,0.0167,0.0003,0.0001,0.0015,0.0013,0.0,0.0,0.0,0.0
ha,0.0,0.1547,0.0953,0.0079,0.0308,0.0339,0.0001,0.0,0.0,0.1529,0.0873,0.1105,0.1114,0.0039,0.3893,0.3816,0.0107,0.0817,0.0812,0.5057,0.3858,0.0048,0.0056,0.0001,0.0008,0.002,0.0,0.0004,0.0143,0.007,0.0006,0.0006,0.0004,0.0039,0.0003,0.0003,0.0726,0.0428,0.0047,0.0004,0.0111,0.0047,0.0517,0.0229,0.8277,0.7545,0.0176,0.0167,0.0019,0.0021,0.0,0.0
fe,0.0,0.0099,0.0072,0.0781,0.3023,0.1837,0.0,0.0,0.0,0.0096,0.0034,0.4607,0.4712,0.0162,0.1723,0.1793,0.0174,0.0095,0.0092,0.0308,0.018,0.0583,0.1054,0.0,0.0005,0.0045,0.0002,0.0005,0.002,0.002,0.0001,0.0001,0.0032,0.001,0.0003,0.0003,0.0135,0.0089,0.3181,0.0124,0.0138,0.009,0.0342,0.0508,0.0,0.0,0.0001,0.0004,0.0003,0.0005,0.0,0.0
di,0.0,0.3665,0.4073,0.0003,0.0241,0.0067,0.0,0.0,0.0,0.133,0.086,0.205,0.2024,0.001,0.5935,0.5653,0.0059,0.0458,0.0392,0.4542,0.2837,0.0076,0.0053,0.0001,0.0003,0.0015,0.0002,0.0001,0.0071,0.0011,0.0002,0.0003,0.0418,0.0011,0.0003,0.0006,0.005,0.0012,0.8543,0.0059,0.0022,0.0006,0.0394,0.2431,0.0002,0.0001,0.0004,0.0009,0.0071,0.0077,0.0,0.0
su,0.0,0.0001,0.0001,0.6132,0.8614,0.8297,0.0,0.0,0.0,0.0123,0.0033,0.4204,0.4256,0.0045,0.5613,0.5654,0.0017,0.0132,0.0134,0.0309,0.0267,0.041,0.1605,0.0001,0.0002,0.0027,0.0003,0.0007,0.0144,0.0047,0.0002,0.0003,0.0009,0.0012,0.0002,0.0003,0.1277,0.0249,0.034,0.0067,0.0122,0.0035,0.0383,0.0231,0.0014,0.0008,0.0009,0.0019,0.0002,0.0001,0.0,0.0
an,0.0,0.2372,0.4426,0.0001,0.048,0.005,0.0,0.0,0.0,0.0582,0.0639,0.0225,0.024,0.0016,0.5166,0.4733,0.0053,0.3006,0.2907,0.4475,0.4196,0.0098,0.0063,0.0001,0.0006,0.007,0.0002,0.0021,0.0115,0.0076,0.0004,0.0003,0.0007,0.0004,0.0005,0.0007,0.1465,0.0374,0.065,0.0067,0.0819,0.0095,0.0467,0.0098,0.0003,0.0001,0.0012,0.0002,0.0,0.0,0.0,0.0
sa,0.0,0.0827,0.0605,0.0474,0.0342,0.0485,0.0,0.0,0.0,0.1695,0.1495,0.0669,0.0869,0.0236,0.0922,0.1096,0.0426,0.1135,0.0775,0.5313,0.1944,0.0033,0.0011,0.0,0.0034,0.0112,0.0,0.0082,0.0009,0.0114,0.0017,0.0009,0.0005,0.0052,0.0001,0.0001,0.0354,0.1095,0.0055,0.0002,0.0298,0.0109,0.0852,0.02,0.001,0.0012,0.0046,0.0007,0.0,0.0001,0.0,0.0
ha,0.0,0.0157,0.0345,0.0592,0.145,0.0629,0.0008,0.0,0.0,0.2101,0.2812,0.2617,0.2907,0.033,0.0916,0.1265,0.0691,0.0417,0.0268,0.4916,0.3352,0.0051,0.0024,0.0011,0.001,0.0861,0.0002,0.0086,0.0095,0.0183,0.0,0.0,0.0122,0.0071,0.0277,0.0513,0.1115,0.1624,0.0056,0.0005,0.0052,0.0488,0.005,0.0181,0.9069,0.9129,0.0207,0.0184,0.6095,0.655,0.0,0.0
ne,0.0,0.0125,0.0188,0.0916,0.1997,0.0977,0.0,0.0,0.0,0.0641,0.0498,0.0436,0.0511,0.0231,0.1174,0.122,0.0377,0.1553,0.1314,0.3543,0.1571,0.0082,0.0056,0.0,0.001,0.0047,0.0,0.0045,0.0005,0.0034,0.0086,0.0058,0.0005,0.007,0.0001,0.0,0.0239,0.0572,0.0089,0.0002,0.0088,0.0012,0.1254,0.0764,0.0035,0.0047,0.0184,0.0051,0.0005,0.001,0.0,0.0
fe,0.0,0.0077,0.004,0.1045,0.2871,0.3466,0.0,0.0,0.0,0.0091,0.0088,0.2599,0.2801,0.0071,0.2837,0.2989,0.0089,0.0363,0.0177,0.1349,0.0133,0.0664,0.0264,0.0,0.0008,0.002,0.0,0.001,0.0004,0.004,0.0024,0.0014,0.0017,0.0027,0.0001,0.0001,0.0105,0.0206,0.0777,0.0011,0.0045,0.0007,0.0616,0.0722,0.0008,0.0008,0.0057,0.0008,0.0008,0.0015,0.0,0.0
di,0.0,0.4891,0.6377,0.0001,0.0028,0.0015,0.0,0.0,0.0,0.4685,0.4174,0.158,0.1885,0.0096,0.2035,0.2343,0.028,0.0737,0.0571,0.8463,0.491,0.001,0.0005,0.0002,0.0001,0.001,0.0001,0.0003,0.0008,0.0061,0.0028,0.0015,0.0021,0.0028,0.0004,0.0003,0.0087,0.0188,0.0398,0.0002,0.0021,0.0003,0.0125,0.0494,0.2022,0.2525,0.0873,0.0272,0.0014,0.0036,0.0,0.0
su,0.0,0.0001,0.0,0.8451,0.8036,0.7466,0.0,0.0,0.0,0.0304,0.0158,0.1257,0.1335,0.0282,0.126,0.1134,0.0305,0.081,0.0604,0.2026,0.049,0.0216,0.0248,0.0,0.001,0.0132,0.0,0.0118,0.0004,0.0026,0.0082,0.0058,0.0011,0.0051,0.0001,0.0001,0.012,0.029,0.0463,0.0007,0.0141,0.0025,0.1504,0.0965,0.0006,0.0008,0.0077,0.003,0.0007,0.0013,0.0,0.0
sa,0.0,0.0044,0.0019,0.1651,0.499,0.3721,0.0,0.0,0.0,0.1343,0.0547,0.4891,0.4971,0.0607,0.0615,0.0673,0.0638,0.0121,0.0101,0.2671,0.1241,0.008,0.0093,0.0001,0.0003,0.0005,0.0,0.0002,0.0005,0.0009,0.0053,0.0052,0.007,0.0035,0.0003,0.0003,0.0052,0.0115,0.2328,0.0003,0.0004,0.0001,0.0048,0.0296,0.0053,0.006,0.0129,0.0219,0.001,0.0011,0.0,0.0
ha,0.0,0.0011,0.0007,0.2062,0.7213,0.5842,0.0005,0.0,0.0,0.0846,0.0811,0.2318,0.2416,0.031,0.121,0.1234,0.0363,0.0456,0.036,0.3567,0.2266,0.0125,0.0127,0.0017,0.0009,0.0896,0.0003,0.0024,0.0012,0.0089,0.0003,0.0002,0.055,0.0004,0.0947,0.131,0.0225,0.0437,0.0164,0.0034,0.0009,0.0094,0.0007,0.0152,0.8772,0.9236,0.0553,0.0649,0.3061,0.4486,0.0,0.0
ne,0.0,0.0018,0.0007,0.1352,0.6755,0.57,0.0,0.0,0.0,0.0491,0.0241,0.2278,0.2245,0.0225,0.1348,0.1262,0.0285,0.0382,0.0358,0.2102,0.1073,0.0127,0.0182,0.0001,0.001,0.0082,0.0,0.0056,0.0009,0.001,0.0059,0.0046,0.002,0.0012,0.0003,0.0003,0.0187,0.0091,0.0651,0.0009,0.0039,0.0013,0.0072,0.0163,0.0016,0.001,0.0175,0.0033,0.0002,0.0002,0.0,0.0
fe,0.0,0.0001,0.0001,0.572,0.9162,0.7883,0.0001,0.0,0.0,0.0078,0.0015,0.6586,0.672,0.0351,0.1271,0.1064,0.0242,0.0043,0.0041,0.03,0.0172,0.0662,0.2283,0.0002,0.0063,0.4505,0.0005,0.0121,0.0056,0.0074,0.0003,0.0004,0.0251,0.001,0.0103,0.0123,0.0167,0.0215,0.0234,0.0013,0.0021,0.0058,0.0015,0.0191,0.0052,0.0053,0.0022,0.0035,0.0069,0.0079,0.0,0.0
sa,0.0,0.0011,0.0003,0.7033,0.3614,0.4189,0.0,0.0,0.0,0.0441,0.0176,0.0915,0.0909,0.0185,0.1586,0.1405,0.0265,0.0882,0.0838,0.2553,0.0809,0.014,0.0241,0.0001,0.0003,0.0029,0.0,0.0006,0.0012,0.005,0.1451,0.1171,0.0002,0.0003,0.0003,0.0003,0.081,0.0724,0.0034,0.0026,0.0273,0.0023,0.1148,0.0324,0.0017,0.0018,0.0586,0.0141,0.0006,0.0013,0.0,0.0
ha,0.0,0.0909,0.0616,0.0205,0.0529,0.0613,0.0006,0.0,0.0,0.1809,0.1294,0.1589,0.1707,0.0271,0.1261,0.1588,0.0531,0.0756,0.0751,0.5849,0.5232,0.0057,0.0077,0.0028,0.0012,0.0446,0.0001,0.0038,0.0069,0.0191,0.0003,0.0003,0.0207,0.0014,0.0802,0.1703,0.1207,0.1741,0.0096,0.0007,0.0032,0.0093,0.0035,0.0073,0.9509,0.9594,0.1684,0.1871,0.8602,0.8945,0.0,0.0
ne,0.0,0.003,0.0012,0.3607,0.2969,0.3135,0.0,0.0,0.0,0.1407,0.055,0.1443,0.1288,0.0279,0.1287,0.116,0.0308,0.0533,0.0594,0.2917,0.172,0.0046,0.0073,0.0,0.0008,0.0017,0.0,0.0003,0.0035,0.0016,0.0557,0.0653,0.0002,0.0015,0.0002,0.0002,0.1361,0.0547,0.0033,0.0004,0.0167,0.0013,0.1301,0.033,0.0023,0.0013,0.018,0.0124,0.0008,0.0009,0.0,0.0
di,0.0,0.1439,0.1053,0.0037,0.0432,0.0469,0.0,0.0,0.0,0.0737,0.0374,0.0252,0.0267,0.0009,0.6597,0.6196,0.0032,0.2432,0.2109,0.3866,0.2789,0.0082,0.0072,0.0001,0.0,0.0011,0.0002,0.0002,0.0004,0.0071,0.0843,0.0469,0.0008,0.0,0.0006,0.0004,0.0254,0.0189,0.0319,0.0368,0.0082,0.0003,0.0895,0.1842,0.0038,0.0041,0.0614,0.0123,0.0019,0.0047,0.0,0.0
su,0.0,0.0,0.0,0.7834,0.9209,0.9105,0.0,0.0,0.0,0.0139,0.0102,0.0751,0.079,0.0043,0.5486,0.5459,0.0027,0.1102,0.0983,0.0844,0.0607,0.0409,0.082,0.0001,0.0014,0.0942,0.0033,0.0076,0.0018,0.0013,0.0,0.0,0.0344,0.0001,0.0023,0.0065,0.0028,0.0004,0.9482,0.1589,0.027,0.0557,0.0029,0.0059,0.0,0.0,0.0,0.0001,0.0,0.0,0.0,0.0
an,0.0,0.3027,0.3442,0.0002,0.0141,0.0093,0.0,0.0,0.0,0.1302,0.0976,0.0278,0.0269,0.0216,0.1009,0.1153,0.0408,0.2539,0.2088,0.5678,0.3741,0.0041,0.0022,0.0001,0.0002,0.0007,0.0,0.0002,0.0006,0.0868,0.1011,0.0525,0.0003,0.0001,0.0005,0.0002,0.017,0.098,0.0038,0.0163,0.006,0.0004,0.2,0.1576,0.0281,0.0593,0.1572,0.0327,0.0262,0.1205,0.0,0.0
sa,0.0,0.4353,0.5041,0.0029,0.0021,0.002,0.0003,0.0,0.0,0.5676,0.5234,0.6201,0.6271,0.0116,0.3107,0.305,0.0207,0.0127,0.0111,0.6626,0.6208,0.0013,0.0006,0.0011,0.0003,0.0078,0.0002,0.0004,0.0057,0.0039,0.0004,0.0003,0.0076,0.0104,0.0246,0.044,0.0252,0.0397,0.0082,0.0,0.002,0.0086,0.0025,0.0131,0.8824,0.8707,0.0302,0.0451,0.6773,0.594,0.0,0.0
ha,0.0,0.0004,0.0006,0.5031,0.5295,0.3856,0.0005,0.0,0.0,0.2273,0.1455,0.4722,0.4628,0.0338,0.3774,0.2448,0.0074,0.0278,0.019,0.4179,0.4085,0.0059,0.0091,0.0049,0.0008,0.0276,0.0002,0.0013,0.0028,0.0024,0.0024,0.0021,0.0132,0.0013,0.2363,0.4374,0.0503,0.0564,0.0062,0.0002,0.0042,0.0169,0.0024,0.0044,0.868,0.8386,0.2412,0.2666,0.866,0.8295,0.0,0.0
ne,0.0,0.0538,0.1087,0.0102,0.0283,0.0091,0.0,0.0,0.0,0.3218,0.3331,0.2887,0.2645,0.0428,0.1285,0.1151,0.0311,0.0356,0.0327,0.411,0.4089,0.0021,0.0007,0.0001,0.0003,0.0005,0.0,0.0001,0.0087,0.0105,0.0001,0.0001,0.0006,0.0009,0.0001,0.0001,0.0328,0.0291,0.0123,0.0023,0.0009,0.0021,0.0175,0.0172,0.4739,0.4393,0.0067,0.0068,0.0037,0.0072,0.0,0.0
fe,0.0,0.0003,0.0003,0.5911,0.6526,0.5504,0.0003,0.0,0.0,0.0989,0.0574,0.4981,0.4805,0.0131,0.5465,0.5233,0.0017,0.0233,0.0202,0.1594,0.3347,0.0173,0.0389,0.0041,0.0013,0.0592,0.0008,0.0006,0.0096,0.0015,0.0435,0.0475,0.0173,0.0014,0.3667,0.5368,0.0258,0.011,0.006,0.0,0.0071,0.007,0.002,0.0162,0.1659,0.086,0.6572,0.4724,0.7259,0.6541,0.0,0.0
su,0.0,0.0015,0.0013,0.4091,0.5442,0.4726,0.0003,0.0,0.0,0.0398,0.0081,0.1675,0.1944,0.4691,0.0078,0.0073,0.5027,0.0752,0.0615,0.0934,0.0611,0.041,0.1309,0.0011,0.0017,0.2816,0.0055,0.0005,0.0235,0.0161,0.0011,0.0006,0.0818,0.0002,0.5036,0.4804,0.0196,0.0043,0.0242,0.0014,0.0021,0.0006,0.0005,0.0402,0.0371,0.0308,0.0142,0.0016,0.1028,0.0736,0.0,0.0
sa,0.0,0.224,0.0918,0.0411,0.0223,0.0437,0.0,0.0,0.0,0.0887,0.1176,0.0234,0.0389,0.0065,0.2176,0.2531,0.02,0.2478,0.205,0.6114,0.277,0.0065,0.0035,0.0,0.0079,0.2233,0.0002,0.1737,0.0004,0.0016,0.0015,0.0012,0.0013,0.0014,0.0007,0.0005,0.0094,0.0094,0.5083,0.0017,0.1421,0.1083,0.0297,0.0011,0.0,0.0,0.0006,0.0002,0.0,0.0,0.0,0.0
ha,0.0,0.0194,0.0081,0.2229,0.0857,0.112,0.0001,0.0,0.0,0.1005,0.1245,0.0383,0.0503,0.0132,0.1769,0.2036,0.0311,0.2291,0.1987,0.6666,0.397,0.0057,0.0044,0.0003,0.0037,0.0574,0.0,0.0466,0.0274,0.039,0.0,0.0,0.0012,0.0029,0.0022,0.0021,0.2839,0.2063,0.0036,0.0004,0.01,0.0199,0.0015,0.0003,0.2779,0.2095,0.0101,0.0044,0.0,0.0,0.0,0.0
ne,0.0,0.0809,0.059,0.0618,0.0748,0.054,0.0,0.0,0.0,0.143,0.106,0.0218,0.0286,0.0155,0.1365,0.1581,0.0302,0.2767,0.2694,0.544,0.2641,0.0045,0.0035,0.0,0.0056,0.2361,0.0001,0.2046,0.0007,0.0018,0.0008,0.0006,0.001,0.0014,0.001,0.0007,0.0205,0.0219,0.1538,0.0012,0.042,0.0405,0.014,0.0008,0.0,0.0,0.0009,0.0005,0.0,0.0,0.0,0.0
sa,0.0,0.0061,0.1821,0.1091,0.1044,0.0064,0.0,0.0,0.0,0.2295,0.2188,0.2525,0.2433,0.0243,0.1195,0.1371,0.0376,0.0377,0.0305,0.4423,0.3056,0.003,0.0014,0.0001,0.0005,0.025,0.0001,0.0185,0.0008,0.0071,0.0007,0.0008,0.0003,0.0002,0.0004,0.0003,0.0352,0.1101,0.0036,0.0059,0.0135,0.017,0.006,0.0018,0.0013,0.0032,0.0032,0.024,0.0,0.0001,0.0,0.0
ha,0.0,0.0284,0.1095,0.0186,0.1014,0.0255,0.0001,0.0,0.0,0.2844,0.258,0.4494,0.4197,0.0952,0.0402,0.0608,0.1258,0.0215,0.0172,0.6009,0.5032,0.0033,0.0018,0.0002,0.0004,0.0097,0.0001,0.0039,0.0142,0.0137,0.0,0.0,0.0018,0.002,0.0004,0.001,0.1189,0.0896,0.0076,0.0011,0.0046,0.0242,0.0024,0.0017,0.8305,0.842,0.0062,0.0212,0.0009,0.0014,0.0,0.0
fe,0.0,0.0005,0.0112,0.3534,0.5,0.071,0.0,0.0,0.0,0.1058,0.0753,0.3766,0.3424,0.0314,0.1153,0.1201,0.0394,0.0218,0.0196,0.2996,0.1687,0.0104,0.0083,0.0,0.002,0.1038,0.0005,0.0665,0.0005,0.005,0.0,0.0,0.0013,0.0002,0.0008,0.0005,0.0063,0.0144,0.1249,0.0273,0.0142,0.0862,0.0019,0.0007,0.0,0.0,0.0002,0.0005,0.0,0.0,0.0,0.0
di,0.0,0.3712,0.7064,0.0002,0.0055,0.0009,0.0,0.0,0.0,0.2965,0.258,0.3365,0.3161,0.0157,0.1423,0.1837,0.0342,0.028,0.023,0.4406,0.4388,0.0021,0.0009,0.0,0.0005,0.0063,0.0001,0.0039,0.0003,0.0358,0.0001,0.0001,0.0016,0.0001,0.0002,0.0001,0.0042,0.0572,0.0471,0.0304,0.0024,0.004,0.01,0.0107,0.001,0.0036,0.0012,0.0011,0.0002,0.0013,0.0,0.0
su,0.0,0.0001,0.0009,0.5314,0.8352,0.2901,0.0,0.0,0.0,0.0207,0.0103,0.4158,0.3814,0.0409,0.1358,0.1161,0.0264,0.018,0.0168,0.1121,0.0589,0.0385,0.0599,0.0,0.0012,0.1591,0.0008,0.113,0.0008,0.0046,0.0,0.0001,0.0013,0.0002,0.0007,0.0004,0.007,0.0174,0.1789,0.0426,0.0235,0.0848,0.0052,0.0014,0.0,0.0,0.0001,0.0008,0.0,0.0,0.0,0.0
an,0.0,0.031,0.2787,0.0018,0.1261,0.0078,0.0,0.0,0.0,0.0345,0.0486,0.0798,0.0923,0.0112,0.2069,0.2222,0.0219,0.1118,0.0934,0.3362,0.2571,0.0208,0.0089,0.0,0.0009,0.1191,0.0011,0.0716,0.001,0.013,0.0,0.0001,0.0015,0.0002,0.0005,0.0003,0.0062,0.035,0.5724,0.069,0.3627,0.3133,0.0509,0.0021,0.0,0.0,0.0,0.0003,0.0,0.0,0.0,0.0
sa,0.0,0.0045,0.0023,0.3781,0.1703,0.2361,0.0,0.0,0.0,0.0636,0.0256,0.0967,0.1051,0.0606,0.0487,0.0747,0.0865,0.088,0.1032,0.3762,0.2055,0.0109,0.018,0.0,0.0058,0.0373,0.0,0.0141,0.0313,0.0097,0.0,0.0,0.0005,0.0052,0.0004,0.0004,0.0752,0.0662,0.0614,0.0008,0.14,0.1143,0.025,0.0011,0.0,0.0,0.0,0.0004,0.0,0.0,0.0,0.0
ha,0.0,0.0907,0.0625,0.0151,0.034,0.0705,0.0,0.0,0.0,0.1284,0.0946,0.125,0.1356,0.0448,0.0506,0.088,0.0862,0.0693,0.0562,0.393,0.3111,0.0057,0.0044,0.0001,0.0022,0.0044,0.0,0.0009,0.0489,0.0464,0.0,0.0,0.0013,0.0038,0.0003,0.0003,0.1062,0.1136,0.015,0.0008,0.005,0.0176,0.003,0.002,0.3663,0.3904,0.0002,0.0008,0.0001,0.0001,0.0,0.0
ne,0.0,0.0272,0.0099,0.0151,0.0867,0.265,0.0,0.0,0.0,0.1292,0.0961,0.0541,0.0662,0.0242,0.1055,0.1338,0.0427,0.1385,0.1379,0.4588,0.2933,0.0051,0.0037,0.0001,0.0057,0.0155,0.0,0.0061,0.076,0.0711,0.0,0.0,0.0006,0.0061,0.0005,0.0005,0.2095,0.1673,0.0099,0.0006,0.0223,0.0496,0.004,0.0006,0.0011,0.001,0.0001,0.0002,0.0,0.0,0.0,0.0
fe,0.0,0.0027,0.001,0.2342,0.3517,0.4921,0.0,0.0,0.0,0.0242,0.0088,0.2267,0.2495,0.0278,0.1024,0.1242,0.044,0.0337,0.0341,0.203,0.0793,0.0274,0.049,0.0,0.0043,0.015,0.0,0.003,0.0704,0.0378,0.0,0.0,0.0004,0.0052,0.0004,0.0004,0.207,0.1339,0.0126,0.0012,0.0755,0.0784,0.024,0.0021,0.0003,0.0002,0.0001,0.0002,0.0,0.0,0.0,0.0
di,0.0,0.2909,0.1953,0.0045,0.0043,0.0179,0.0,0.0,0.0,0.1174,0.0437,0.0988,0.1147,0.1027,0.023,0.05,0.1393,0.0781,0.0749,0.4609,0.2358,0.0062,0.006,0.0,0.0045,0.0126,0.0,0.0036,0.0229,0.0046,0.0,0.0,0.0009,0.0056,0.0003,0.0004,0.059,0.0421,0.0447,0.0005,0.0366,0.0212,0.0192,0.0032,0.0001,0.0001,0.0001,0.0005,0.0,0.0,0.0,0.0
su,0.0,0.0003,0.0001,0.391,0.6526,0.6536,0.0001,0.0,0.0,0.0209,0.0077,0.2754,0.2775,0.0453,0.0732,0.0829,0.0511,0.029,0.0261,0.1908,0.0749,0.0366,0.0502,0.0001,0.0094,0.4255,0.0008,0.0193,0.0879,0.05,0.0,0.0,0.0222,0.0096,0.0076,0.0073,0.0192,0.0371,0.1091,0.0006,0.008,0.035,0.0017,0.0048,0.0002,0.0002,0.0,0.0001,0.0007,0.0005,0.0,0.0
an,0.0,0.3243,0.3064,0.0002,0.008,0.0189,0.0,0.0,0.0,0.1013,0.0449,0.0533,0.0542,0.036,0.0502,0.0971,0.0822,0.1446,0.1402,0.5385,0.3798,0.0059,0.0064,0.0,0.0071,0.0195,0.0,0.0055,0.1756,0.0384,0.0,0.0,0.0003,0.0266,0.0003,0.0003,0.2994,0.1918,0.0038,0.0001,0.1229,0.1029,0.0417,0.003,0.001,0.0005,0.0003,0.0004,0.0,0.0,0.0,0.0
sa,0.0,0.0079,0.01,0.0694,0.3611,0.2519,0.0,0.0,0.0,0.1466,0.1162,0.3053,0.3218,0.171,0.0156,0.0313,0.175,0.0231,0.0172,0.3614,0.1625,0.0065,0.0027,0.0,0.0015,0.0029,0.0,0.0016,0.0005,0.0008,0.0024,0.0023,0.0017,0.0042,0.0001,0.0,0.0095,0.0151,0.2239,0.0005,0.0085,0.0007,0.136,0.0783,0.0002,0.0002,0.0021,0.0016,0.0008,0.001,0.0,0.0
ha,0.0,0.0232,0.0502,0.0042,0.1826,0.1091,0.0003,0.0,0.0,0.2367,0.2125,0.1924,0.2123,0.0384,0.0584,0.101,0.0807,0.0481,0.0341,0.5199,0.3731,0.0045,0.0017,0.0005,0.0005,0.0152,0.0001,0.0022,0.0038,0.0016,0.0001,0.0001,0.0224,0.0023,0.0098,0.0234,0.0275,0.0213,0.1194,0.0006,0.0035,0.0026,0.0055,0.0165,0.6777,0.6637,0.002,0.0201,0.5701,0.6148,0.0,0.0
ne,0.0,0.0288,0.0598,0.0016,0.2496,0.0866,0.0,0.0,0.0,0.0348,0.0307,0.0327,0.0409,0.153,0.0167,0.0305,0.1523,0.1674,0.1717,0.3563,0.1426,0.0203,0.0072,0.0,0.0013,0.0078,0.0,0.0043,0.0008,0.001,0.0015,0.0019,0.0014,0.0014,0.0001,0.0,0.0117,0.0167,0.2295,0.0034,0.027,0.003,0.2619,0.1001,0.0001,0.0,0.0008,0.0016,0.0003,0.0005,0.0,0.0
fe,0.0,0.0003,0.001,0.3701,0.7727,0.4438,0.0,0.0,0.0,0.0022,0.0013,0.5816,0.5526,0.0481,0.0743,0.0628,0.0499,0.0065,0.0045,0.022,0.0091,0.1965,0.1625,0.0,0.0074,0.3058,0.0007,0.0093,0.0024,0.005,0.0001,0.0001,0.0333,0.0009,0.0032,0.0027,0.0067,0.0111,0.2088,0.008,0.0182,0.0125,0.0278,0.126,0.0001,0.0001,0.0001,0.0003,0.0136,0.0212,0.0,0.0
di,0.0,0.0824,0.0832,0.0003,0.1249,0.054,0.0,0.0,0.0,0.1002,0.0729,0.1459,0.1699,0.0244,0.0734,0.1163,0.0597,0.0568,0.0454,0.4617,0.2968,0.0108,0.0052,0.0,0.001,0.0048,0.0001,0.0006,0.0023,0.0005,0.001,0.0015,0.0112,0.0022,0.0002,0.0002,0.0045,0.0022,0.6447,0.0024,0.011,0.002,0.3676,0.5081,0.0,0.0,0.0004,0.0006,0.0247,0.0342,0.0,0.0
su,0.0,0.0148,0.0059,0.0055,0.3789,0.4445,0.0,0.0,0.0,0.0044,0.0031,0.2558,0.2582,0.1406,0.0194,0.0297,0.1405,0.0302,0.0184,0.0974,0.0105,0.1302,0.0473,0.0,0.0024,0.0169,0.0,0.0047,0.0012,0.002,0.0002,0.0002,0.0081,0.0045,0.0002,0.0002,0.0102,0.0139,0.2628,0.0012,0.0108,0.0044,0.0382,0.0936,0.0001,0.0001,0.0004,0.0005,0.0017,0.0025,0.0,0.0
ha,0.0,0.0007,0.0004,0.6231,0.5055,0.4318,0.0001,0.0,0.0,0.2424,0.2334,0.626,0.6338,0.0387,0.1084,0.1367,0.0665,0.0113,0.0076,0.4244,0.3277,0.0041,0.0034,0.0003,0.0001,0.0005,0.0,0.0002,0.0063,0.0133,0.0066,0.0066,0.0007,0.0006,0.0003,0.0004,0.0646,0.0684,0.0079,0.0039,0.0037,0.0014,0.1578,0.0319,0.9138,0.9227,0.1479,0.1876,0.1819,0.2756,0.0,0.0
fe,0.0,0.2431,0.1908,0.0101,0.0163,0.0174,0.0001,0.0,0.0,0.0053,0.0081,0.0837,0.0975,0.0038,0.2899,0.2732,0.0146,0.0892,0.088,0.2459,0.1927,0.0816,0.0398,0.0001,0.0006,0.1087,0.0009,0.0023,0.0002,0.0046,0.0109,0.0052,0.0069,0.0,0.0198,0.0142,0.0046,0.0091,0.0531,0.0166,0.0155,0.0051,0.0062,0.0454,0.0001,0.0001,0.0072,0.001,0.0017,0.0044,0.0,0.0
di,0.0,0.8107,0.8552,0.0001,0.0008,0.0004,0.0,0.0,0.0,0.2485,0.2595,0.357,0.3539,0.0034,0.2204,0.4526,0.0384,0.033,0.0203,0.6402,0.329,0.0036,0.0021,0.0001,0.0,0.0001,0.0003,0.0,0.0296,0.0111,0.0174,0.0352,0.0005,0.0005,0.0001,0.0001,0.0194,0.0204,0.0283,0.0021,0.0034,0.0001,0.7451,0.4445,0.0289,0.0588,0.0044,0.2088,0.1168,0.0939,0.0,0.0
su,0.0,0.0052,0.0036,0.1534,0.3002,0.2352,0.0,0.0,0.0,0.0092,0.0071,0.4982,0.481,0.0444,0.078,0.0783,0.0505,0.0116,0.0095,0.0985,0.0787,0.0439,0.0844,0.0,0.0002,0.0007,0.0,0.0001,0.006,0.0051,0.2039,0.2538,0.0001,0.0002,0.0001,0.0001,0.1171,0.0684,0.0009,0.0035,0.0062,0.0005,0.4759,0.1916,0.0325,0.0336,0.0737,0.091,0.029,0.049,0.0,0.0
an,0.0,0.5472,0.8112,0.0002,0.0032,0.0003,0.0,0.0,0.0,0.1492,0.156,0.3489,0.3181,0.0043,0.0881,0.4506,0.0852,0.0246,0.0153,0.5502,0.4785,0.0054,0.0026,0.0001,0.0,0.0005,0.0001,0.0001,0.0003,0.0156,0.2211,0.1937,0.0004,0.0,0.0003,0.0001,0.0053,0.0317,0.0161,0.0758,0.0031,0.0002,0.219,0.1886,0.0064,0.0225,0.0379,0.0981,0.0344,0.1561,0.0,0.0
sa,0.0,0.0037,0.0026,0.4739,0.3131,0.1874,0.0,0.0,0.0,0.2044,0.1443,0.3322,0.3027,0.0357,0.0712,0.1076,0.0684,0.024,0.0167,0.3729,0.3091,0.0028,0.0024,0.0001,0.0002,0.0058,0.0001,0.004,0.0005,0.004,0.0051,0.0039,0.0005,0.0003,0.0002,0.0001,0.0415,0.0592,0.0055,0.005,0.0049,0.0014,0.021,0.0205,0.0158,0.0272,0.03,0.0295,0.0005,0.0014,0.0,0.0
ha,0.0,0.0005,0.0002,0.5981,0.5779,0.5316,0.0,0.0,0.0,0.3972,0.3105,0.4789,0.4834,0.0133,0.1983,0.224,0.0343,0.0167,0.0142,0.3723,0.4191,0.0016,0.0017,0.0001,0.0002,0.0006,0.0,0.0003,0.0006,0.002,0.0023,0.0017,0.0016,0.0031,0.0002,0.0001,0.0075,0.0113,0.0653,0.0005,0.0013,0.0004,0.0337,0.0395,0.6948,0.7112,0.0454,0.0236,0.0378,0.0674,0.0,0.0
ne,0.0,0.0064,0.0028,0.2506,0.3029,0.2725,0.0,0.0,0.0,0.1167,0.0445,0.1835,0.1917,0.019,0.1376,0.159,0.0361,0.0383,0.0392,0.2875,0.216,0.0057,0.0101,0.0,0.0006,0.0085,0.0002,0.0052,0.0043,0.0004,0.0001,0.0001,0.0056,0.0101,0.0001,0.0002,0.0112,0.0021,0.5187,0.0008,0.0064,0.0033,0.0149,0.0209,0.0001,0.0,0.0005,0.0007,0.0001,0.0001,0.0,0.0
di,0.0,0.13,0.1319,0.0251,0.0493,0.0441,0.0,0.0,0.0,0.3572,0.0905,0.5251,0.4244,0.2182,0.001,0.0551,0.7293,0.0058,0.0124,0.2631,0.3756,0.003,0.0052,0.0,0.0091,0.0211,0.0,0.0116,0.0144,0.0002,0.0,0.0,0.0642,0.0321,0.0002,0.0003,0.0022,0.0004,0.9601,0.0003,0.002,0.0043,0.0021,0.0036,0.0001,0.0,0.0002,0.0002,0.0002,0.0001,0.0,0.0
su,0.0,0.0003,0.0003,0.5415,0.7878,0.6067,0.0,0.0,0.0,0.0181,0.0062,0.3218,0.309,0.0599,0.0584,0.0716,0.0731,0.021,0.0214,0.0995,0.0578,0.0365,0.073,0.0,0.001,0.0479,0.0007,0.0333,0.0006,0.001,0.0001,0.0001,0.0097,0.003,0.0002,0.0001,0.0013,0.0035,0.8887,0.0067,0.0299,0.012,0.0442,0.0262,0.0,0.0,0.0001,0.0002,0.0001,0.0002,0.0,0.0
sa,0.0,0.018,0.006,0.1558,0.0979,0.1606,0.0,0.0,0.0,0.0939,0.0971,0.2245,0.2384,0.0204,0.1316,0.136,0.0335,0.0346,0.0263,0.3669,0.1893,0.0051,0.0043,0.0,0.0011,0.006,0.0,0.0034,0.0023,0.0016,0.0008,0.0007,0.0007,0.0028,0.0001,0.0001,0.0521,0.0232,0.02,0.0006,0.0123,0.0062,0.0439,0.0108,0.0003,0.0002,0.0022,0.0012,0.0001,0.0001,0.0,0.0
ha,0.0,0.3434,0.1888,0.0009,0.0099,0.017,0.0009,0.0,0.0,0.1484,0.1367,0.1984,0.209,0.0556,0.0724,0.0824,0.07,0.0478,0.037,0.5289,0.403,0.0061,0.0038,0.002,0.0009,0.0961,0.0002,0.0073,0.0042,0.0109,0.0004,0.0004,0.005,0.0005,0.0613,0.0978,0.0791,0.1041,0.0028,0.0011,0.0113,0.061,0.0033,0.0082,0.794,0.7978,0.0325,0.0723,0.4219,0.4722,0.0,0.0
ne,0.0,0.0614,0.0209,0.0105,0.0984,0.1278,0.0,0.0,0.0,0.0992,0.0811,0.0944,0.1134,0.0163,0.1618,0.157,0.0242,0.0822,0.0734,0.426,0.2277,0.0055,0.0041,0.0,0.0014,0.0195,0.0001,0.0106,0.0011,0.0039,0.0006,0.0005,0.0005,0.0015,0.0002,0.0001,0.0361,0.0417,0.0358,0.0011,0.0445,0.0293,0.0428,0.004,0.0,0.0,0.0006,0.0006,0.0,0.0,0.0,0.0
fe,0.0,0.0051,0.0023,0.0393,0.3816,0.3448,0.0,0.0,0.0,0.0067,0.0064,0.2281,0.2384,0.0822,0.055,0.0442,0.076,0.0358,0.0343,0.0674,0.038,0.0655,0.0503,0.0,0.0049,0.0146,0.0,0.0052,0.001,0.0017,0.0023,0.002,0.0003,0.0049,0.0001,0.0001,0.0281,0.0316,0.041,0.0004,0.0842,0.0354,0.1636,0.0136,0.0,0.0,0.0014,0.0004,0.0,0.0,0.0,0.0
su,0.0,0.0018,0.0009,0.0517,0.6397,0.4853,0.0,0.0,0.0,0.0096,0.0072,0.1393,0.1609,0.0263,0.1354,0.1375,0.0242,0.0554,0.0528,0.1039,0.0507,0.0479,0.0465,0.0,0.004,0.0922,0.0002,0.0406,0.0008,0.0026,0.0001,0.0001,0.0058,0.0019,0.001,0.0007,0.0072,0.0107,0.2242,0.0025,0.0224,0.0462,0.0067,0.0095,0.0,0.0,0.0002,0.0002,0.0001,0.0001,0.0,0.0
ha,0.0,0.1402,0.1363,0.0308,0.0199,0.0147,0.0005,0.0,0.0,0.195,0.1929,0.184,0.2107,0.0517,0.1156,0.1086,0.0503,0.0702,0.0651,0.5647,0.5895,0.0052,0.005,0.0029,0.0016,0.019,0.0,0.0019,0.0078,0.0302,0.0009,0.0007,0.0133,0.0013,0.0474,0.0981,0.159,0.238,0.0039,0.0006,0.0036,0.014,0.0054,0.0089,0.961,0.9679,0.3499,0.3253,0.8055,0.8586,0.0,0.0
ne,0.0,0.115,0.1471,0.0178,0.0186,0.0087,0.0,0.0,0.0,0.0967,0.0565,0.0324,0.0237,0.0891,0.044,0.0355,0.0954,0.2522,0.2578,0.3643,0.3461,0.0067,0.0047,0.0001,0.0011,0.0055,0.0,0.0019,0.0011,0.0016,0.0263,0.0287,0.0006,0.0007,0.0004,0.0004,0.0286,0.0404,0.0209,0.0007,0.0222,0.0023,0.0319,0.0128,0.0005,0.0005,0.006,0.0101,0.0001,0.0001,0.0,0.0
fe,0.0,0.0025,0.001,0.5427,0.193,0.1647,0.0001,0.0,0.0,0.0302,0.0154,0.1187,0.1267,0.0512,0.0693,0.0513,0.0494,0.0668,0.0747,0.2705,0.175,0.0193,0.0254,0.0001,0.0224,0.4148,0.0002,0.0063,0.0008,0.004,0.0072,0.0045,0.0115,0.0004,0.0119,0.0096,0.0038,0.0069,0.0526,0.0007,0.012,0.0085,0.006,0.0297,0.0001,0.0001,0.0058,0.0008,0.0014,0.0021,0.0,0.0
su,0.0,0.0002,0.0001,0.6768,0.7037,0.5991,0.0,0.0,0.0,0.0068,0.0019,0.2422,0.2393,0.0824,0.0795,0.0453,0.0392,0.0343,0.0316,0.07,0.0362,0.0714,0.1852,0.0,0.0072,0.3746,0.001,0.0131,0.0012,0.0017,0.0012,0.0013,0.0119,0.0021,0.0033,0.0034,0.0044,0.0066,0.182,0.0006,0.018,0.0174,0.0159,0.0257,0.0,0.0,0.0004,0.0005,0.0006,0.0006,0.0,0.0
an,0.0,0.3257,0.3508,0.0015,0.0057,0.0026,0.0,0.0,0.0,0.1028,0.0649,0.0193,0.0173,0.0628,0.0543,0.0558,0.0654,0.3358,0.3522,0.4555,0.4371,0.0055,0.0038,0.0001,0.0015,0.0087,0.0,0.0032,0.0014,0.0019,0.017,0.0245,0.0012,0.0007,0.0006,0.0005,0.0164,0.0558,0.0553,0.0006,0.0422,0.0043,0.0472,0.0166,0.0001,0.0002,0.0012,0.0138,0.0,0.0,0.0,0.0
ha,0.0,0.0091,0.0115,0.034,0.2151,0.0925,0.0,0.0,0.0,0.0404,0.0348,0.027,0.026,0.0723,0.0507,0.0433,0.0795,0.3102,0.2778,0.5345,0.2653,0.0175,0.0095,0.0002,0.0001,0.0006,0.0,0.0002,0.0032,0.016,0.0021,0.002,0.001,0.0001,0.0005,0.0004,0.0309,0.0932,0.0085,0.0067,0.0022,0.0002,0.0153,0.0211,0.1204,0.2531,0.0178,0.0684,0.0003,0.0008,0.0,0.0
ne,0.0,0.0075,0.0063,0.052,0.2479,0.1783,0.0,0.0,0.0,0.0215,0.011,0.0826,0.0878,0.0691,0.0586,0.0466,0.0574,0.096,0.102,0.2189,0.0661,0.0253,0.04,0.0,0.0022,0.0042,0.0,0.0007,0.0017,0.001,0.0014,0.0015,0.0019,0.001,0.0003,0.0003,0.0098,0.0084,0.339,0.0025,0.03,0.004,0.0729,0.029,0.0,0.0,0.0005,0.0005,0.0001,0.0001,0.0,0.0
fe,0.0,0.0001,0.0001,0.4391,0.7865,0.7057,0.0,0.0,0.0,0.0015,0.0008,0.2772,0.2735,0.0351,0.1151,0.0986,0.027,0.0309,0.0286,0.0208,0.0129,0.2447,0.351,0.0001,0.0128,0.4759,0.0017,0.0041,0.0019,0.0024,0.0027,0.0043,0.0105,0.0016,0.0197,0.0208,0.0045,0.019,0.1106,0.0005,0.0328,0.0134,0.0326,0.0515,0.0,0.0,0.0001,0.0021,0.0012,0.0016,0.0,0.0
di,0.0,0.2325,0.2279,0.0002,0.025,0.0159,0.0,0.0,0.0,0.1431,0.1288,0.0763,0.0819,0.0042,0.3505,0.3296,0.0157,0.1391,0.1378,0.6715,0.6169,0.0048,0.003,0.0,0.0005,0.0065,0.0001,0.0009,0.0001,0.0012,0.0217,0.0211,0.0054,0.0002,0.0007,0.0005,0.0013,0.0064,0.6005,0.0042,0.0137,0.0009,0.0733,0.0807,0.0,0.0,0.0017,0.0046,0.0005,0.0016,0.0,0.0
su,0.0,0.0003,0.0017,0.1064,0.7664,0.3449,0.0,0.0,0.0,0.0025,0.0012,0.1488,0.152,0.0709,0.0591,0.0455,0.0557,0.0517,0.0545,0.0284,0.0093,0.1898,0.2222,0.0001,0.0031,0.441,0.0026,0.0083,0.0064,0.0014,0.0,0.0001,0.0406,0.001,0.0072,0.0123,0.005,0.0037,0.4819,0.0041,0.0087,0.0147,0.0053,0.0226,0.0,0.0,0.0001,0.0006,0.0013,0.0013,0.0,0.0
an,0.0,0.0294,0.2388,0.0011,0.0835,0.0106,0.0,0.0,0.0,0.0465,0.0976,0.0165,0.0179,0.0345,0.0672,0.0907,0.0606,0.3731,0.3592,0.4717,0.4396,0.0111,0.0066,0.0,0.0067,0.0236,0.0001,0.0056,0.0117,0.0029,0.0,0.0,0.0094,0.0124,0.0002,0.0003,0.0071,0.0068,0.9118,0.0011,0.1748,0.1269,0.0482,0.0131,0.0,0.0,0.0,0.0,0.0,0.0,0.0,0.0
ha,0.0,0.0664,0.0448,0.0474,0.0411,0.0501,0.0005,0.0,0.0,0.2617,0.1754,0.2805,0.2813,0.2602,0.0212,0.0191,0.2478,0.0455,0.0404,0.4189,0.4161,0.0041,0.0044,0.0021,0.0021,0.2468,0.0002,0.0147,0.0035,0.0018,0.0002,0.0002,0.0449,0.005,0.0626,0.1505,0.0349,0.0273,0.0265,0.0001,0.0015,0.0085,0.0007,0.0024,0.8977,0.8598,0.1003,0.1561,0.5212,0.4245,0.0,0.0
fe,0.0,0.0005,0.0007,0.3753,0.7406,0.4902,0.0,0.0,0.0,0.0256,0.0084,0.2902,0.2848,0.0759,0.0906,0.0606,0.0385,0.0279,0.0313,0.0895,0.1211,0.0325,0.0992,0.0001,0.0023,0.1314,0.0002,0.0912,0.0011,0.0007,0.0001,0.0,0.0975,0.0215,0.0013,0.0008,0.0007,0.0006,0.8512,0.0002,0.0017,0.0027,0.0003,0.0009,0.0002,0.0001,0.0023,0.0002,0.0002,0.0001,0.0,0.0
di,0.0,0.5065,0.6023,0.0001,0.0054,0.0033,0.0001,0.0,0.0,0.3061,0.2437,0.2086,0.2213,0.0052,0.5712,0.5721,0.0057,0.0524,0.0498,0.7568,0.5127,0.002,0.002,0.0002,0.0001,0.0042,0.0006,0.0012,0.0074,0.0015,0.0004,0.0003,0.0016,0.0098,0.0004,0.0008,0.0386,0.0115,0.0202,0.0001,0.0058,0.0028,0.0092,0.0107,0.869,0.7606,0.0244,0.0258,0.0028,0.0023,0.0,0.0
an,0.0,0.5955,0.6293,0.0001,0.0044,0.0015,0.0,0.0,0.0,0.1185,0.0555,0.0312,0.0265,0.0659,0.0552,0.0552,0.077,0.2518,0.2712,0.3393,0.247,0.0059,0.0051,0.0001,0.0014,0.0781,0.0002,0.0545,0.0002,0.0016,0.005,0.0055,0.0157,0.0023,0.0007,0.0003,0.0009,0.0091,0.8176,0.0007,0.0231,0.0035,0.025,0.0203,0.0,0.0,0.0006,0.003,0.0,0.0001,0.0,0.0
sa,0.0,0.457,0.4458,0.0022,0.0028,0.0032,0.0,0.0,0.0,0.1184,0.0659,0.07,0.0782,0.1277,0.0195,0.0418,0.1686,0.1244,0.1222,0.4698,0.2502,0.0063,0.0041,0.0001,0.0044,0.0112,0.0,0.005,0.0004,0.001,0.0057,0.0079,0.002,0.0011,0.0005,0.0004,0.0072,0.0246,0.1008,0.0005,0.0109,0.0051,0.0117,0.0074,0.0001,0.0001,0.0011,0.0138,0.0,0.0,0.0,0.0
ha,0.0,0.2101,0.1621,0.0137,0.0119,0.0093,0.0,0.0,0.0,0.2345,0.1745,0.2642,0.275,0.0992,0.0332,0.0531,0.1182,0.0355,0.0302,0.5424,0.4507,0.0028,0.002,0.0001,0.0007,0.0047,0.0,0.0025,0.003,0.0081,0.0,0.0,0.0029,0.0007,0.0002,0.0002,0.0278,0.0301,0.0364,0.003,0.0017,0.0042,0.0016,0.0021,0.4307,0.4926,0.0046,0.0077,0.0,0.0001,0.0,0.0
ne,0.0,0.3272,0.3692,0.0086,0.0066,0.0044,0.0,0.0,0.0,0.1688,0.1443,0.4054,0.3743,0.0378,0.0753,0.0984,0.0539,0.0187,0.0134,0.2961,0.1556,0.0058,0.002,0.0,0.0009,0.0109,0.0001,0.0033,0.0006,0.0017,0.0003,0.0004,0.0012,0.0018,0.0002,0.0002,0.0061,0.0163,0.1627,0.0012,0.0206,0.0106,0.0177,0.0066,0.0,0.0,0.0002,0.001,0.0,0.0,0.0,0.0
su,0.0,0.0002,0.0001,0.7649,0.7104,0.5953,0.0,0.0,0.0,0.0685,0.018,0.3474,0.3399,0.4943,0.0047,0.0064,0.4978,0.0241,0.0215,0.2589,0.0551,0.0165,0.0287,0.0001,0.0085,0.0993,0.0001,0.0316,0.0006,0.0005,0.0001,0.0002,0.0108,0.0035,0.0006,0.0005,0.001,0.0049,0.4341,0.0008,0.0047,0.022,0.0025,0.0056,0.0,0.0,0.0001,0.0014,0.0001,0.0001,0.0,0.0
ha,0.0,0.001,0.001,0.156,0.677,0.5598,0.0004,0.0,0.0,0.0367,0.0419,0.1151,0.1343,0.0501,0.075,0.0885,0.0685,0.0799,0.0592,0.2887,0.0853,0.025,0.0177,0.0007,0.0007,0.0502,0.0001,0.0034,0.0107,0.0112,0.0,0.0,0.02,0.0022,0.015,0.023,0.0567,0.0788,0.0231,0.0025,0.0018,0.0124,0.0012,0.0145,0.8358,0.871,0.0033,0.0208,0.1196,0.1088,0.0,0.0
ne,0.0,0.0002,0.0002,0.4299,0.832,0.7332,0.0,0.0,0.0,0.0346,0.0331,0.2185,0.2273,0.0467,0.0761,0.0831,0.0582,0.0365,0.0321,0.1524,0.0719,0.0205,0.0151,0.0,0.0019,0.007,0.0001,0.0024,0.0011,0.0011,0.0001,0.0001,0.0072,0.0071,0.0002,0.0002,0.003,0.0041,0.6287,0.0009,0.0051,0.0053,0.011,0.0144,0.0,0.0,0.0002,0.0003,0.0001,0.0001,0.0,0.0
fe,0.0,0.0001,0.0003,0.3549,0.8212,0.7117,0.0,0.0,0.0,0.0017,0.0013,0.4051,0.3804,0.029,0.12,0.1187,0.0346,0.0212,0.0133,0.0153,0.0062,0.3137,0.1965,0.0001,0.1004,0.6182,0.0004,0.0066,0.0108,0.0177,0.0,0.0,0.0746,0.0166,0.0082,0.0084,0.0021,0.0051,0.5473,0.0003,0.0039,0.0187,0.0022,0.008,0.0,0.0,0.0,0.0001,0.0004,0.0004,0.0,0.0
su,0.0,0.0003,0.0005,0.2123,0.8356,0.6287,0.0,0.0,0.0,0.0054,0.0032,0.3155,0.3011,0.0315,0.1466,0.1439,0.0231,0.028,0.0191,0.0373,0.011,0.1366,0.1238,0.0001,0.0376,0.6415,0.0012,0.0062,0.1036,0.0376,0.0,0.0,0.2122,0.0187,0.0028,0.0043,0.0009,0.0022,0.8665,0.0008,0.0037,0.0236,0.0014,0.0041,0.0,0.0,0.0,0.0001,0.0002,0.0002,0.0,0.0
